temperature;advice
-3;Stay warm indoors—try journaling or catching up on a show.
0;Wrap up and take a short walk to enjoy the frosty air.
1;Great day for indoor board games or baking bread.
2;Visit a quiet library or write in your journal by the window.
3;Cold outside—perfect for a hot bath or slow cooking a meal.
4;Try photography in the cold morning light or stay in with tea.
5;Dress warmly and walk through your neighborhood park.
6;Catch up on books or invite a friend over for coffee.
6;Go thrift shopping or visit a warm indoor market.
7;Cold but bearable—great for brisk walking or sketching outdoors.
8;Visit a greenhouse or do indoor yoga with a view.
9;Plan a slow morning and a walk in the late afternoon sun.
10;Visit a weekend market or try light jogging.
11;Spend time outdoors, maybe feed birds or do light gardening.
12;Visit a local café with outdoor seating and people-watch.
12;Take your laptop or notebook to a park bench and work outside.
13;Try rollerblading or strolling downtown with headphones in.
14;Great weather for morning errands and outdoor brunch.
14;Bike to a new neighborhood and explore a new place to eat.
15;Sit at an outdoor terrace or try sketching city scenery.
15;Host a small outdoor get-together or BBQ.
16;Start a mini outdoor photography project.
16;Ideal temperature for moderate hiking or city walks.
17;Read in a hammock or take a midday walk.
17;Plan a visit to a botanical garden or nature reserve.
17;Perfect for trying out a new running route.
18;Explore a flea market or do a walking tour.
18;Time for a backyard picnic or creative writing outside.
19;Visit a lake, take photos, or sketch landscape scenes.
19;Play a casual sport like frisbee or volleyball in the park.
20;Plan a weekend getaway or go sightseeing locally.
20;Do some gardening or host an afternoon tea outdoors.
20;Take a bike ride with scenic stops along the way.
21;Ideal for practicing yoga outside or meditating in the park.
21;Join an outdoor fitness class or visit a community event.
21;Plan a food truck lunch or casual dining under the sky.
22;Go to a park with a blanket and some snacks.
22;Try sketching architecture or writing poems in fresh air.
22;Visit a zoo or open-air museum.
23;Try paddle boating or kayaking on a calm lake.
23;Organize a garden lunch with friends or family.
23;Sit in a quiet plaza or by a fountain and relax.
24;Try fruit picking or take a long nature walk.
24;Explore an open-air art gallery or sculpture park.
24;Practice guitar or another instrument outside.
25;Enjoy a beach day or go swimming at the local pool.
25;Organize a picnic with games like badminton or catch.
25;Great for an outdoor concert or movie night.
26;Go biking on shaded trails or near water.
26;Stay hydrated and explore shady gardens or greenhouses.
26;Visit an outdoor café and watch the world go by.
27;Early morning outdoor jog, then relax inside during peak heat.
27;Visit a cool museum or indoor arcade in the afternoon.
28;Sit by a fountain or shady tree and enjoy cold drinks.
28;Stay indoors during midday and venture out in the evening.
28;Try a short evening walk followed by iced tea on the balcony.
29;Go to an air-conditioned cinema or shopping mall.
29;Try a water activity like paddleboarding or tubing.
30;Limit outdoor time, do light stretching indoors.
30;Visit a local indoor botanical garden or aquarium.
31;Plan an early morning nature walk and nap during the heat.
31;Rest in a cool room, maybe try a new podcast.
32;Enjoy cold foods like salads or smoothies and stay in shade.
32;Do creative tasks indoors with fans or AC on.
33;Use the heat as an excuse to take a mental health day.
33;Cool shower, darkened room, and your favorite playlist.
34;Keep curtains closed and focus on relaxing indoor hobbies.
34;Hydrate well and try some light reading in the coolest part of your home.
35;Only go out if necessary—hydrate and avoid screens.
35;Make a mini “indoor spa day” with cooling face masks and water.
36;Too hot for effort—try journaling or reorganizing calmly indoors.
36;Try a cold foot soak and slow, quiet activities.
37;Use cooling cloths, rest, and stay offline for peace.
37;Stay near a fan or AC—try learning something new via audio.
38;Don’t cook—eat cold dishes and stay in the shade.
38;Listen to music or draw while lounging under a fan.
39;Relax fully—skip obligations if possible and stay safe inside.
39;Heat calls for minimal effort—try mindful breathing or naps.
40;Stay hydrated and avoid windows—cool baths help.
40;Practice stillness—stretch lightly and keep lights off.
41;Extreme heat—check in on others and stay alert.
41;Try ice packs, and lie low—this is survival mode.
42;Skip physical activity, wear loose clothes, and cool off often.
42;Nap often, eat light, and don’t force productivity.
43;Avoid any sun exposure—chill, sip water, and do nothing strenuous.
43;Treat today as a rest day, hydrate and breathe easy.
-1;A cozy soup-and-blanket kind of day. Perfect for slow living.
0;Watch movies or listen to music with the heater on.
2;Make art indoors or visit a local café for warm drinks.
3;Reflect and write—cold weather suits introspection.
5;Wear layers and walk to clear your mind.
7;Try knitting, puzzles, or listening to an audiobook indoors.
9;Enjoy a sunrise walk, then return to a warm breakfast.
11;Moderate chill—perfect for a scenic bike ride.
13;Grab your sketchbook or camera and explore a park.
15;Wear light layers and plan a creative outing.
18;Start a new outdoor hobby like sketching or tai chi.
20;Ideal for connecting with friends outside.
22;Great day for learning something new outdoors.
25;Try a sunset picnic or low-key garden party.